{"cameraMode":{"drawMode":0,"name":"Shaded","section":"Shading Mode"},"sceneLighting":true,"audioPlay":false,"sceneViewState":{"showFog":false,"showMaterialUpdate":false,"showSkybox":false,"showFlares":false,"showImageEffects":false,"showParticleSystems":false},"in2DMode":false,"pivot":{"x":0.7533419728279114,"y":0.2878790497779846,"z":-0.9870955944061279},"rotation":{"x":-0.09907357394695282,"y":0.748947262763977,"z":-0.11504360288381577,"w":-0.6450440883636475},"size":2.5578837394714357,"orthographic":false}